{
  "trained": {
    "rmse": 0.7892722487449646,
    "rmse_se": 0.04983134258827052,
    "mae": 0.4333248436450958,
    "nmse": 0.807139236251945,
    "r2": 0.19286073682864757,
    "r2_se": 0.06715008581948778,
    "direction_accuracy": 0.6237785220146179,
    "direction_accuracy_se": 0.019550272517735258,
    "effect_rmse": 0.7892722487449646,
    "effect_mae": 0.4333248436450958,
    "mean_effect_magnitude": 0.4883580803871155,
    "n_queries": 960,
    "mean_positivity_score": 4.2220296592176965e-08,
    "frac_ood": 0.0
  }
}