{
  "trained": {
    "rmse": 0.6588436365127563,
    "rmse_se": 0.06013889935421959,
    "mae": 0.3580308258533478,
    "nmse": 0.7249525438100594,
    "r2": 0.27504731633592616,
    "r2_se": 0.05410370891226212,
    "direction_accuracy": 0.8042327761650085,
    "direction_accuracy_se": 0.02040868278667492,
    "effect_rmse": 0.6588436365127563,
    "effect_mae": 0.3580308258533478,
    "mean_effect_magnitude": 0.4123761057853699,
    "n_queries": 640,
    "mean_positivity_score": 3.9323772682564595e-08,
    "frac_ood": 0.0
  }
}