{
  "trained": {
    "rmse": 0.6216145157814026,
    "rmse_se": 0.044166837862394386,
    "mae": 0.3485651910305023,
    "nmse": 0.7248721705408068,
    "r2": 0.2751278020674286,
    "r2_se": 0.0607914748717799,
    "direction_accuracy": 0.7857142686843872,
    "direction_accuracy_se": 0.02110488776296046,
    "effect_rmse": 0.6216145157814026,
    "effect_mae": 0.3485651910305023,
    "mean_effect_magnitude": 0.3947597146034241,
    "n_queries": 640,
    "mean_positivity_score": 4.0524202660208175e-08,
    "frac_ood": 0.0
  }
}