{
  "trained": {
    "rmse": 0.6346495151519775,
    "rmse_se": 0.05309908331975755,
    "mae": 0.35274916887283325,
    "nmse": 0.7189560873025778,
    "r2": 0.28104390803832646,
    "r2_se": 0.04953770543076108,
    "direction_accuracy": 0.7849462628364563,
    "direction_accuracy_se": 0.021302078959546552,
    "effect_rmse": 0.6346495151519775,
    "effect_mae": 0.35274916887283325,
    "mean_effect_magnitude": 0.3993116617202759,
    "n_queries": 640,
    "mean_positivity_score": 3.839940632133221e-08,
    "frac_ood": 0.0
  }
}