{
  "trained": {
    "rmse": 0.6798666715621948,
    "rmse_se": 0.05050567802002847,
    "mae": 0.3762480318546295,
    "nmse": 0.7093819819958271,
    "r2": 0.2906180271518909,
    "r2_se": 0.05864011702147427,
    "direction_accuracy": 0.7637795209884644,
    "direction_accuracy_se": 0.021761072199531405,
    "effect_rmse": 0.6798666715621948,
    "effect_mae": 0.3762480318546295,
    "mean_effect_magnitude": 0.42695531249046326,
    "n_queries": 640,
    "mean_positivity_score": 4.213888971094093e-08,
    "frac_ood": 0.0
  }
}