{
  "trained": {
    "rmse": 0.5913287401199341,
    "rmse_se": 0.06031409227139042,
    "mae": 0.31352558732032776,
    "nmse": 0.6292641305672306,
    "r2": 0.3707358587063413,
    "r2_se": 0.060122548830468546,
    "direction_accuracy": 0.7956989407539368,
    "direction_accuracy_se": 0.02090442513971725,
    "effect_rmse": 0.5913287401199341,
    "effect_mae": 0.31352558732032776,
    "mean_effect_magnitude": 0.38879042863845825,
    "n_queries": 640,
    "mean_positivity_score": 4.035763723209129e-08,
    "frac_ood": 0.0
  }
}