{
  "trained": {
    "rmse": 0.6131897568702698,
    "rmse_se": 0.06850582455413909,
    "mae": 0.3292016386985779,
    "nmse": 0.6888099663219956,
    "r2": 0.3111899776314182,
    "r2_se": 0.083077433228334,
    "direction_accuracy": 0.7811704874038696,
    "direction_accuracy_se": 0.020855931174924968,
    "effect_rmse": 0.6131897568702698,
    "effect_mae": 0.3292016386985779,
    "mean_effect_magnitude": 0.4034026265144348,
    "n_queries": 640,
    "mean_positivity_score": 4.262934183429934e-08,
    "frac_ood": 0.0
  }
}