{
  "trained": {
    "rmse": 0.5705915093421936,
    "rmse_se": 0.056117614576864594,
    "mae": 0.3124884068965912,
    "nmse": 0.7007772107141665,
    "r2": 0.2992227173608929,
    "r2_se": 0.11841560794881334,
    "direction_accuracy": 0.7864865064620972,
    "direction_accuracy_se": 0.021303817803715354,
    "effect_rmse": 0.5705915093421936,
    "effect_mae": 0.3124884068965912,
    "mean_effect_magnitude": 0.37592509388923645,
    "n_queries": 640,
    "mean_positivity_score": 4.4637946672310136e-08,
    "frac_ood": 0.0
  }
}