{
  "trained": {
    "rmse": 0.6157774925231934,
    "rmse_se": 0.05213043741872197,
    "mae": 0.34102731943130493,
    "nmse": 0.6431121994063036,
    "r2": 0.356887728364086,
    "r2_se": 0.06604528247731592,
    "direction_accuracy": 0.7586206793785095,
    "direction_accuracy_se": 0.022038990298170646,
    "effect_rmse": 0.6157774925231934,
    "effect_mae": 0.34102731943130493,
    "mean_effect_magnitude": 0.39946994185447693,
    "n_queries": 640,
    "mean_positivity_score": 4.03693505290903e-08,
    "frac_ood": 0.0
  }
}