{
  "trained": {
    "rmse": 0.5600944757461548,
    "rmse_se": 0.033189985437428196,
    "mae": 0.32380470633506775,
    "nmse": 0.47259649165341083,
    "r2": 0.5274034945292143,
    "r2_se": 0.04869043599755775,
    "direction_accuracy": 0.8304498195648193,
    "direction_accuracy_se": 0.015607807731917457,
    "effect_rmse": 0.5600944757461548,
    "effect_mae": 0.32380470633506775,
    "mean_effect_magnitude": 0.4220452606678009,
    "n_queries": 960,
    "mean_positivity_score": 4.1663266614477834e-08,
    "frac_ood": 0.0
  }
}