{
  "trained": {
    "rmse": 1.0440492630004883,
    "rmse_se": 0.06008078776721847,
    "mae": 0.6500853300094604,
    "nmse": 0.8681725204332095,
    "r2": 0.13182742593723307,
    "r2_se": 0.06303807666627353,
    "direction_accuracy": 0.7352496385574341,
    "direction_accuracy_se": 0.017160698491200613,
    "effect_rmse": 1.0440492630004883,
    "effect_mae": 0.6500853300094604,
    "mean_effect_magnitude": 0.6413735747337341,
    "n_queries": 960,
    "mean_positivity_score": 4.674409481708608e-08,
    "frac_ood": 0.0
  }
}