{
  "trained": {
    "rmse": 1.1058319807052612,
    "rmse_se": 0.08129377646747166,
    "mae": 0.6430937647819519,
    "nmse": 0.9739626355488663,
    "r2": 0.026037333461885304,
    "r2_se": 0.04106790714482122,
    "direction_accuracy": 0.6596066355705261,
    "direction_accuracy_se": 0.018430296453266996,
    "effect_rmse": 1.1058319807052612,
    "effect_mae": 0.6430937647819519,
    "mean_effect_magnitude": 0.6413735747337341,
    "n_queries": 960,
    "mean_positivity_score": 4.674409481708608e-08,
    "frac_ood": 0.0
  }
}