{
  "suite": "dot-Generic-100k",
  "n": 500,
  "model_id": "amazon/chronos-2",
  "Chronos_int": {
    "pooled_rmse": 36.56392795693553,
    "rmse_ci95": [
      6.233417919587052,
      59.60120884037983
    ],
    "dir_acc": 0.6018808484077454
  },
  "Chronos_obs": {
    "pooled_rmse": 38.77151643723642,
    "rmse_ci95": [
      5.8552985672707045,
      62.02104090280028
    ],
    "dir_acc": 0.6238244771957397
  }
}