{
  "suite": "dot-RegimeSwitch-v1",
  "n": 500,
  "model_id": "amazon/chronos-2",
  "Chronos_int": {
    "pooled_rmse": 3.5134159354250905,
    "rmse_ci95": [
      2.7957254224490002,
      4.220462752648343
    ],
    "dir_acc": 0.47215497493743896
  },
  "Chronos_obs": {
    "pooled_rmse": 1.8028509292490575,
    "rmse_ci95": [
      1.5074048851366038,
      2.0821519034373615
    ],
    "dir_acc": 0.49636805057525635
  }
}