{
  "suite": "dot-Continuous-v1",
  "n": 300,
  "model_id": "amazon/chronos-2",
  "Chronos_int": {
    "pooled_rmse": 1.2793289586899912,
    "rmse_ci95": [
      1.131569074559565,
      1.42724638674389
    ],
    "dir_acc": 0.624535322189331
  },
  "Chronos_obs": {
    "pooled_rmse": 1.3476866481216092,
    "rmse_ci95": [
      1.1273517791064704,
      1.5639763733838377
    ],
    "dir_acc": 0.4795539081096649
  }
}