{
  "suite": "dot-Identifiability-v1",
  "n": 480,
  "model_id": "amazon/chronos-2",
  "Chronos_int": {
    "pooled_rmse": 0.7044220869703415,
    "rmse_ci95": [
      0.5874943230927742,
      0.8399782464185702
    ],
    "dir_acc": 0.6180371642112732,
    "dir_n_valid": 377,
    "dir_acc_se": 0.025023449366732904
  },
  "Chronos_obs": {
    "pooled_rmse": 0.6301546982169269,
    "rmse_ci95": [
      0.5396033527037434,
      0.7186904077811987
    ],
    "dir_acc": 0.6312997341156006,
    "dir_n_valid": 377,
    "dir_acc_se": 0.024847566037485346
  }
}