{
  "baseline": "TabPFN",
  "suite": "dot-Generic-100k",
  "n": 500,
  "pooled_rmse": 34.25151295307788,
  "rmse_ci95": [
    5.126372119293519,
    57.86423313383184
  ],
  "dir_acc": 0.630094051361084
}