{
  "suite": "dot-Identifiability-v1",
  "n": 480,
  "TabPFN_int": {
    "pooled_rmse": 0.6210245210231686,
    "rmse_ci95": [
      0.5288638573623803,
      0.7109052047898018
    ],
    "dir_acc": 0.6657825112342834
  },
  "TabPFN_obs": {
    "pooled_rmse": 0.6137474922803685,
    "rmse_ci95": [
      0.5222320983328738,
      0.7053906794557245
    ],
    "dir_acc": 0.6763925552368164
  }
}