{
  "trained": {
    "rmse": 0.5442518591880798,
    "rmse_se": 0.0639985030725901,
    "mae": 0.30584192276000977,
    "nmse": 0.5330243962346213,
    "r2": 0.4669755251430707,
    "r2_se": 0.04748137843772635,
    "direction_accuracy": 0.8525469303131104,
    "direction_accuracy_se": 0.0183582652581614,
    "effect_rmse": 0.5442518591880798,
    "effect_mae": 0.30584192276000977,
    "mean_effect_magnitude": 0.38911014795303345,
    "n_queries": 640,
    "mean_positivity_score": 4.035763723209129e-08,
    "frac_ood": 0.0
  }
}