{
  "trained": {
    "rmse": 0.5059050917625427,
    "rmse_se": 0.032979927741881625,
    "mae": 0.3117770552635193,
    "nmse": 0.5477450209143855,
    "r2": 0.4522549651113522,
    "r2_se": 0.05730616656067532,
    "direction_accuracy": 0.8172042965888977,
    "direction_accuracy_se": 0.020039036783986233,
    "effect_rmse": 0.5059050917625427,
    "effect_mae": 0.3117770552635193,
    "mean_effect_magnitude": 0.37887370586395264,
    "n_queries": 640,
    "mean_positivity_score": 4.4637946672310136e-08,
    "frac_ood": 0.0
  }
}