{
  "trained": {
    "rmse": 0.5160377025604248,
    "rmse_se": 0.04326020494269324,
    "mae": 0.30947238206863403,
    "nmse": 0.4872594233708059,
    "r2": 0.5127405232093074,
    "r2_se": 0.045805552328937266,
    "direction_accuracy": 0.8350253701210022,
    "direction_accuracy_se": 0.018698652288312165,
    "effect_rmse": 0.5160377025604248,
    "effect_mae": 0.30947238206863403,
    "mean_effect_magnitude": 0.4043736457824707,
    "n_queries": 640,
    "mean_positivity_score": 4.262934183429934e-08,
    "frac_ood": 0.0
  }
}