{
  "trained": {
    "rmse": 0.5528324246406555,
    "rmse_se": 0.046205970919032384,
    "mae": 0.3196345269680023,
    "nmse": 0.5173062278751955,
    "r2": 0.48269369870938816,
    "r2_se": 0.04369238574970874,
    "direction_accuracy": 0.8439153432846069,
    "direction_accuracy_se": 0.01866739203901223,
    "effect_rmse": 0.5528324246406555,
    "effect_mae": 0.3196345269680023,
    "mean_effect_magnitude": 0.4000404477119446,
    "n_queries": 640,
    "mean_positivity_score": 4.03693505290903e-08,
    "frac_ood": 0.0
  }
}