{
  "T": 200,
  "n_batches": 60,
  "results": {
    "s9ho_bd_causal_seed43": {
      "rmse": 0.7639469504356384,
      "rmse_se": 0.050144566825166575,
      "dir_acc": 0.7882736325263977,
      "dir_se": 0.016487005681310434,
      "n_queries": 960
    },
    "s9ho_bd_obs_seed43": {
      "rmse": 0.7885384559631348,
      "rmse_se": 0.04985617355200102,
      "dir_acc": 0.628664493560791,
      "dir_se": 0.019498828499711168,
      "n_queries": 960
    },
    "s9ho_fd_causal_seed43": {
      "rmse": 0.572522759437561,
      "rmse_se": 0.058280976206883175,
      "dir_acc": 0.8449198007583618,
      "dir_se": 0.015282854853930135,
      "n_queries": 960
    },
    "s9ho_fd_obs_seed43": {
      "rmse": 0.5845144391059875,
      "rmse_se": 0.08418887548669939,
      "dir_acc": 0.7985865473747253,
      "dir_se": 0.01685764936975409,
      "n_queries": 960
    },
    "s9ho_iv_causal_seed43": {
      "rmse": 0.5879361629486084,
      "rmse_se": 0.039934068042038535,
      "dir_acc": 0.8411867618560791,
      "dir_se": 0.015269058330279523,
      "n_queries": 960
    },
    "s9ho_iv_obs_seed43": {
      "rmse": 0.6355847716331482,
      "rmse_se": 0.04433872876682687,
      "dir_acc": 0.7766143083572388,
      "dir_se": 0.01740015267490572,
      "n_queries": 960
    },
    "s9ho_bd_causal_seed44": {
      "rmse": 0.7163681983947754,
      "rmse_se": 0.04372844865117794,
      "dir_acc": 0.7837398648262024,
      "dir_se": 0.016601091604249902,
      "n_queries": 960
    },
    "s9ho_bd_obs_seed44": {
      "rmse": 0.83006352186203,
      "rmse_se": 0.05819254773876951,
      "dir_acc": 0.6606851816177368,
      "dir_se": 0.019123547505153205,
      "n_queries": 960
    },
    "s9ho_fd_causal_seed44": {
      "rmse": 0.5752975344657898,
      "rmse_se": 0.05796432954647678,
      "dir_acc": 0.8436945080757141,
      "dir_se": 0.015304725069300626,
      "n_queries": 960
    },
    "s9ho_fd_obs_seed44": {
      "rmse": 0.5727627277374268,
      "rmse_se": 0.08046500798139383,
      "dir_acc": 0.8209219574928284,
      "dir_se": 0.016144795683369625,
      "n_queries": 960
    },
    "s9ho_iv_causal_seed44": {
      "rmse": 0.5883486270904541,
      "rmse_se": 0.040174028640884804,
      "dir_acc": 0.8496503233909607,
      "dir_se": 0.014944223300559552,
      "n_queries": 960
    },
    "s9ho_iv_obs_seed44": {
      "rmse": 0.6927512288093567,
      "rmse_se": 0.045541869860824605,
      "dir_acc": 0.7137870788574219,
      "dir_se": 0.01888215890213836,
      "n_queries": 960
    }
  }
}