{
  "trained": {
    "rmse": 0.6739431023597717,
    "rmse_se": 0.05355885603151236,
    "mae": 0.3924793303012848,
    "nmse": 0.7580057531325606,
    "r2": 0.24199433734894693,
    "r2_se": 0.05542172128798889,
    "direction_accuracy": 0.7857142686843872,
    "direction_accuracy_se": 0.02110488776296046,
    "effect_rmse": 0.6739431023597717,
    "effect_mae": 0.3924793303012848,
    "mean_effect_magnitude": 0.41266924142837524,
    "n_queries": 640,
    "mean_positivity_score": 3.9323772682564595e-08,
    "frac_ood": 0.0
  }
}