{
  "trained": {
    "rmse": 0.6384467482566833,
    "rmse_se": 0.042502853413086614,
    "mae": 0.3808341920375824,
    "nmse": 0.7644315314626501,
    "r2": 0.23556840017799174,
    "r2_se": 0.062217705187336665,
    "direction_accuracy": 0.7783641219139099,
    "direction_accuracy_se": 0.021334959952552978,
    "effect_rmse": 0.6384467482566833,
    "effect_mae": 0.3808341920375824,
    "mean_effect_magnitude": 0.39512842893600464,
    "n_queries": 640,
    "mean_positivity_score": 4.0524202660208175e-08,
    "frac_ood": 0.0
  }
}