{
  "trained": {
    "rmse": 0.6456186175346375,
    "rmse_se": 0.04894703278420593,
    "mae": 0.38188794255256653,
    "nmse": 0.7446978713108727,
    "r2": 0.2553021286891273,
    "r2_se": 0.06171332583604961,
    "direction_accuracy": 0.777479887008667,
    "direction_accuracy_se": 0.021536483933772582,
    "effect_rmse": 0.6456186175346375,
    "effect_mae": 0.38188794255256653,
    "mean_effect_magnitude": 0.39930111169815063,
    "n_queries": 640,
    "mean_positivity_score": 3.839940632133221e-08,
    "frac_ood": 0.0
  }
}