{
  "trained": {
    "rmse": 0.6802318096160889,
    "rmse_se": 0.049101864906553175,
    "mae": 0.3993494212627411,
    "nmse": 0.7104353646420933,
    "r2": 0.2895645650427494,
    "r2_se": 0.06271871799624007,
    "direction_accuracy": 0.7742782235145569,
    "direction_accuracy_se": 0.02141769671465373,
    "effect_rmse": 0.6802318096160889,
    "effect_mae": 0.3993494212627411,
    "mean_effect_magnitude": 0.4264909327030182,
    "n_queries": 640,
    "mean_positivity_score": 4.213888971094093e-08,
    "frac_ood": 0.0
  }
}