{
  "trained": {
    "rmse": 0.8796417117118835,
    "rmse_se": 0.10435808700971011,
    "mae": 0.45112624764442444,
    "nmse": 0.7830153257312772,
    "r2": 0.2169846700580509,
    "r2_se": 0.07865093794698873,
    "direction_accuracy": 0.6029411554336548,
    "direction_accuracy_se": 0.024223384348781338,
    "effect_rmse": 0.8796417117118835,
    "effect_mae": 0.45112624764442444,
    "mean_effect_magnitude": 0.5141904950141907,
    "n_queries": 640,
    "mean_positivity_score": 4.095765149259023e-08,
    "frac_ood": 0.0
  }
}