{
  "trained": {
    "rmse": 0.7456830739974976,
    "rmse_se": 0.051283565051021954,
    "mae": 0.4296271800994873,
    "nmse": 0.7324219778929086,
    "r2": 0.2675780650123618,
    "r2_se": 0.06753617407845529,
    "direction_accuracy": 0.6077482104301453,
    "direction_accuracy_se": 0.024025325779505738,
    "effect_rmse": 0.7456830739974976,
    "effect_mae": 0.4296271800994873,
    "mean_effect_magnitude": 0.4974149763584137,
    "n_queries": 640,
    "mean_positivity_score": 4.532566322268394e-08,
    "frac_ood": 0.0
  }
}