{
  "trained": {
    "rmse": 0.7625253200531006,
    "rmse_se": 0.06586233706228316,
    "mae": 0.41931039094924927,
    "nmse": 0.7054467794795154,
    "r2": 0.29455328005613124,
    "r2_se": 0.06750848329204538,
    "direction_accuracy": 0.6320987939834595,
    "direction_accuracy_se": 0.023962414428738317,
    "effect_rmse": 0.7625253200531006,
    "effect_mae": 0.41931039094924927,
    "mean_effect_magnitude": 0.4940915107727051,
    "n_queries": 640,
    "mean_positivity_score": 3.871614495665199e-08,
    "frac_ood": 0.0
  }
}