{
  "trained": {
    "rmse": 0.7347397804260254,
    "rmse_se": 0.04890759034227558,
    "mae": 0.4261453151702881,
    "nmse": 0.7199871822868171,
    "r2": 0.28001281326128025,
    "r2_se": 0.07578444720502778,
    "direction_accuracy": 0.6317073106765747,
    "direction_accuracy_se": 0.023821141681510474,
    "effect_rmse": 0.7347397804260254,
    "effect_mae": 0.4261453151702881,
    "mean_effect_magnitude": 0.4891241192817688,
    "n_queries": 640,
    "mean_positivity_score": 4.8942467856250005e-08,
    "frac_ood": 0.0
  }
}