{
  "trained": {
    "rmse": 0.5906539559364319,
    "rmse_se": 0.08508240956454634,
    "mae": 0.26892879605293274,
    "nmse": 0.2954377944988255,
    "r2": 0.7045622185019671,
    "r2_se": 0.07926826807251557,
    "direction_accuracy": 0.7896613478660583,
    "direction_accuracy_se": 0.017206738282993284,
    "effect_rmse": 0.5906539559364319,
    "effect_mae": 0.26892879605293274,
    "mean_effect_magnitude": 0.49559369683265686,
    "n_queries": 960,
    "mean_positivity_score": 4.90861893354122e-08,
    "frac_ood": 0.0010416666666666667
  }
}