{
  "trained": {
    "rmse": 0.6353026032447815,
    "rmse_se": 0.04431187367505405,
    "mae": 0.3251165747642517,
    "nmse": 0.44992784414627957,
    "r2": 0.5500721432301456,
    "r2_se": 0.07065435045359436,
    "direction_accuracy": 0.7766143083572388,
    "direction_accuracy_se": 0.01740015267490572,
    "effect_rmse": 0.6353026032447815,
    "effect_mae": 0.3251165747642517,
    "mean_effect_magnitude": 0.4672054648399353,
    "n_queries": 960,
    "mean_positivity_score": 5.001691150141596e-08,
    "frac_ood": 0.0010416666666666667
  }
}