{
  "trained": {
    "rmse": 0.6502526998519897,
    "rmse_se": 0.05627029940918721,
    "mae": 0.3351815342903137,
    "nmse": 0.637083597853567,
    "r2": 0.3629164500911294,
    "r2_se": 0.08476891690623788,
    "direction_accuracy": 0.7868283987045288,
    "direction_accuracy_se": 0.01704970151736354,
    "effect_rmse": 0.6502526998519897,
    "effect_mae": 0.3351815342903137,
    "mean_effect_magnitude": 0.42197757959365845,
    "n_queries": 960,
    "mean_positivity_score": 4.1663266614477834e-08,
    "frac_ood": 0.0
  }
}