{
  "trained": {
    "rmse": 0.5656446814537048,
    "rmse_se": 0.0434599308303034,
    "mae": 0.3055778741836548,
    "nmse": 0.3955217601106649,
    "r2": 0.6044782616640525,
    "r2_se": 0.05760704447051902,
    "direction_accuracy": 0.8430851101875305,
    "direction_accuracy_se": 0.01875745292782014,
    "effect_rmse": 0.5656446814537048,
    "effect_mae": 0.3055778741836548,
    "mean_effect_magnitude": 0.44461989402770996,
    "n_queries": 640,
    "mean_positivity_score": 4.4160355372468985e-08,
    "frac_ood": 0.0
  }
}