{
  "trained": {
    "rmse": 0.5433284044265747,
    "rmse_se": 0.03690915912570723,
    "mae": 0.30026453733444214,
    "nmse": 0.4329136997836975,
    "r2": 0.5670862675982471,
    "r2_se": 0.05837111153317035,
    "direction_accuracy": 0.8432432413101196,
    "direction_accuracy_se": 0.01890117094148538,
    "effect_rmse": 0.5433284044265747,
    "effect_mae": 0.30026453733444214,
    "mean_effect_magnitude": 0.42753124237060547,
    "n_queries": 640,
    "mean_positivity_score": 5.406085534787053e-08,
    "frac_ood": 0.0015625
  }
}