{
  "trained": {
    "rmse": 0.5550057291984558,
    "rmse_se": 0.04583835050157416,
    "mae": 0.29461827874183655,
    "nmse": 0.36905782690954547,
    "r2": 0.6309421926442624,
    "r2_se": 0.05760151264563801,
    "direction_accuracy": 0.855614960193634,
    "direction_accuracy_se": 0.018174584128739246,
    "effect_rmse": 0.5550057291984558,
    "effect_mae": 0.29461827874183655,
    "mean_effect_magnitude": 0.450033575296402,
    "n_queries": 640,
    "mean_positivity_score": 4.386297547398499e-08,
    "frac_ood": 0.0
  }
}