{
  "trained": {
    "rmse": 0.5932185649871826,
    "rmse_se": 0.04106298008257192,
    "mae": 0.3144722580909729,
    "nmse": 0.42621450799854116,
    "r2": 0.5737854818246753,
    "r2_se": 0.08742136839080794,
    "direction_accuracy": 0.8419618606567383,
    "direction_accuracy_se": 0.019041191964625982,
    "effect_rmse": 0.5932185649871826,
    "effect_mae": 0.3144722580909729,
    "mean_effect_magnitude": 0.4427996575832367,
    "n_queries": 640,
    "mean_positivity_score": 4.371527140278886e-08,
    "frac_ood": 0.0
  }
}