{
  "T": 200,
  "n_batches": 60,
  "use_lagged_edges": true,
  "results": {
    "back_door": {
      "causal": {
        "dir_acc": 0.77704918384552,
        "dir_se": 0.016852481926981307,
        "rmse": 0.7140225768089294,
        "rmse_se": 0.04198593599131179,
        "n": 960
      },
      "obs": {
        "dir_acc": 0.6612111330032349,
        "dir_se": 0.01914758643906832,
        "rmse": 0.7743474841117859,
        "rmse_se": 0.04805972598369207,
        "n": 960
      },
      "gap": 0.11583805084228516,
      "gap_se": 0.02550757169039861
    },
    "front_door": {
      "causal": {
        "dir_acc": 0.8356643319129944,
        "dir_se": 0.015494723683577745,
        "rmse": 0.5790494084358215,
        "rmse_se": 0.05681780723230558,
        "n": 960
      },
      "obs": {
        "dir_acc": 0.7932862043380737,
        "dir_se": 0.017021250610367286,
        "rmse": 0.605387270450592,
        "rmse_se": 0.0827959639588015,
        "n": 960
      },
      "gap": 0.042378127574920654,
      "gap_se": 0.023017589673364015
    },
    "instrumental_variable": {
      "causal": {
        "dir_acc": 0.8376963138580322,
        "dir_se": 0.015403881993362598,
        "rmse": 0.5928148031234741,
        "rmse_se": 0.039943390356759256,
        "n": 960
      },
      "obs": {
        "dir_acc": 0.7822299599647522,
        "dir_se": 0.01722702730762495,
        "rmse": 0.6325518488883972,
        "rmse_se": 0.044120645136062966,
        "n": 960
      },
      "gap": 0.05546635389328003,
      "gap_se": 0.02310952293586123
    }
  },
  "pooled_gap": 0.07122751077016194
}