{
  "trained": {
    "rmse": 1.0357718467712402,
    "rmse_se": 0.07285370510460384,
    "mae": 0.6470133662223816,
    "nmse": 0.8328882375131003,
    "r2": 0.16711178713350117,
    "r2_se": 0.07676866443516761,
    "direction_accuracy": 0.7219626307487488,
    "direction_accuracy_se": 0.02165643968412807,
    "effect_rmse": 1.0357718467712402,
    "effect_mae": 0.6470133662223816,
    "mean_effect_magnitude": 0.6399564743041992,
    "n_queries": 640,
    "mean_positivity_score": 3.982646745726015e-08,
    "frac_ood": 0.0
  }
}