{
  "trained": {
    "rmse": 1.0351556539535522,
    "rmse_se": 0.07768019883322316,
    "mae": 0.6451455354690552,
    "nmse": 0.8600940068638808,
    "r2": 0.13990611370843198,
    "r2_se": 0.07314923912194671,
    "direction_accuracy": 0.7397260069847107,
    "direction_accuracy_se": 0.020965912842353548,
    "effect_rmse": 1.0351556539535522,
    "effect_mae": 0.6451455354690552,
    "mean_effect_magnitude": 0.6354545950889587,
    "n_queries": 640,
    "mean_positivity_score": 4.637176331812043e-08,
    "frac_ood": 0.0
  }
}