{
  "trained": {
    "rmse": 1.0196937322616577,
    "rmse_se": 0.06907416329389385,
    "mae": 0.6477251648902893,
    "nmse": 0.8628822888295778,
    "r2": 0.13711767431192734,
    "r2_se": 0.0765854752576762,
    "direction_accuracy": 0.733485221862793,
    "direction_accuracy_se": 0.021102022011293322,
    "effect_rmse": 1.0196937322616577,
    "effect_mae": 0.6477251648902893,
    "mean_effect_magnitude": 0.6412094235420227,
    "n_queries": 640,
    "mean_positivity_score": 4.106043149931793e-08,
    "frac_ood": 0.0
  }
}