{
  "trained": {
    "rmse": 1.0064318180084229,
    "rmse_se": 0.06564915987459297,
    "mae": 0.6429188847541809,
    "nmse": 0.8686607032043744,
    "r2": 0.13133937321122724,
    "r2_se": 0.07610702989285599,
    "direction_accuracy": 0.728735625743866,
    "direction_accuracy_se": 0.021317523605697098,
    "effect_rmse": 1.0064318180084229,
    "effect_mae": 0.6429188847541809,
    "mean_effect_magnitude": 0.6345628499984741,
    "n_queries": 640,
    "mean_positivity_score": 4.3814615935389156e-08,
    "frac_ood": 0.0
  }
}