{
  "T": 200,
  "n_batches": 60,
  "offset": [
    0,
    0
  ],
  "results": {
    "observed_confounder": {
      "causal": {
        "dir_acc": 0.9198113083839417,
        "dir_se": 0.018652541097683422,
        "rmse": 0.05482342466711998,
        "rmse_se": 0.0018570643148071119,
        "n": 960
      },
      "obs": {
        "dir_acc": 0.8920187950134277,
        "dir_se": 0.021265288822742298,
        "rmse": 0.06253780424594879,
        "rmse_se": 0.0028532614650352093,
        "n": 960
      },
      "gap": 0.027792513370513916,
      "gap_se": 0.02828656568258893
    },
    "unobserved_confounder": {
      "causal": {
        "dir_acc": 0.8864197731018066,
        "dir_se": 0.01576680048145769,
        "rmse": 0.16154932975769043,
        "rmse_se": 0.009912927597717882,
        "n": 960
      },
      "obs": {
        "dir_acc": 0.8546798229217529,
        "dir_se": 0.017490477578996078,
        "rmse": 0.1723109930753708,
        "rmse_se": 0.009895386698168246,
        "n": 960
      },
      "gap": 0.03173995018005371,
      "gap_se": 0.023548010603094666
    }
  }
}