{
  "trained": {
    "rmse": 0.6966022849082947,
    "rmse_se": 0.03887445097614493,
    "mae": 0.4196734130382538,
    "nmse": 0.6279727997529214,
    "r2": 0.37202716795464874,
    "r2_se": 0.069168188758655,
    "direction_accuracy": 0.7683523893356323,
    "direction_accuracy_se": 0.017039776665368586,
    "effect_rmse": 0.6966022849082947,
    "effect_mae": 0.4196734130382538,
    "mean_effect_magnitude": 0.4881913363933563,
    "n_queries": 960,
    "mean_positivity_score": 4.2220296592176965e-08,
    "frac_ood": 0.0
  }
}