{
  "trained": {
    "rmse": 0.6052393317222595,
    "rmse_se": 0.053969211397532746,
    "mae": 0.2872682213783264,
    "nmse": 0.3559875038823739,
    "r2": 0.6440124936619267,
    "r2_se": 0.0688321819612753,
    "direction_accuracy": 0.7534246444702148,
    "direction_accuracy_se": 0.022560478813967274,
    "effect_rmse": 0.6052393317222595,
    "effect_mae": 0.2872682213783264,
    "mean_effect_magnitude": 0.4732760488986969,
    "n_queries": 640,
    "mean_positivity_score": 4.153313781785073e-08,
    "frac_ood": 0.0
  }
}