{
  "trained": {
    "rmse": 0.5165591239929199,
    "rmse_se": 0.04990853983552204,
    "mae": 0.2661915421485901,
    "nmse": 0.2624113302652484,
    "r2": 0.7375886509856685,
    "r2_se": 0.06103652731351553,
    "direction_accuracy": 0.770235002040863,
    "direction_accuracy_se": 0.021495827737251585,
    "effect_rmse": 0.5165591239929199,
    "effect_mae": 0.2661915421485901,
    "mean_effect_magnitude": 0.4804549813270569,
    "n_queries": 640,
    "mean_positivity_score": 4.7401194080975984e-08,
    "frac_ood": 0.0
  }
}