{
  "trained": {
    "rmse": 0.527136504650116,
    "rmse_se": 0.039219169404232306,
    "mae": 0.2775769829750061,
    "nmse": 0.30092126976114764,
    "r2": 0.6990787263540436,
    "r2_se": 0.05590532766144696,
    "direction_accuracy": 0.7479674816131592,
    "direction_accuracy_se": 0.02260249932593598,
    "effect_rmse": 0.527136504650116,
    "effect_mae": 0.2775769829750061,
    "mean_effect_magnitude": 0.4693821370601654,
    "n_queries": 640,
    "mean_positivity_score": 4.60124667256423e-08,
    "frac_ood": 0.0
  }
}