{
  "trained": {
    "rmse": 0.617874801158905,
    "rmse_se": 0.05981830533382162,
    "mae": 0.2983442544937134,
    "nmse": 0.3501843422229692,
    "r2": 0.6498156763700098,
    "r2_se": 0.08544242441875013,
    "direction_accuracy": 0.780281662940979,
    "direction_accuracy_se": 0.021975799071759932,
    "effect_rmse": 0.617874801158905,
    "effect_mae": 0.2983442544937134,
    "mean_effect_magnitude": 0.49741920828819275,
    "n_queries": 640,
    "mean_positivity_score": 4.252122920433976e-08,
    "frac_ood": 0.0
  }
}