{
  "trained": {
    "rmse": 0.5963972210884094,
    "rmse_se": 0.05389250552325986,
    "mae": 0.3039091229438782,
    "nmse": 0.43941998301812446,
    "r2": 0.5605799846248554,
    "r2_se": 0.06809036613925416,
    "direction_accuracy": 0.8164893388748169,
    "direction_accuracy_se": 0.019962364747845233,
    "effect_rmse": 0.5963972210884094,
    "effect_mae": 0.3039091229438782,
    "mean_effect_magnitude": 0.4453941881656647,
    "n_queries": 640,
    "mean_positivity_score": 4.4160355372468985e-08,
    "frac_ood": 0.0
  }
}