{
  "trained": {
    "rmse": 0.5622660517692566,
    "rmse_se": 0.03535404647030022,
    "mae": 0.3020455241203308,
    "nmse": 0.46369461553962404,
    "r2": 0.5363053912983635,
    "r2_se": 0.06041969620604282,
    "direction_accuracy": 0.7978436946868896,
    "direction_accuracy_se": 0.020850458024357796,
    "effect_rmse": 0.5622660517692566,
    "effect_mae": 0.3020455241203308,
    "mean_effect_magnitude": 0.42747706174850464,
    "n_queries": 640,
    "mean_positivity_score": 5.406085534787053e-08,
    "frac_ood": 0.0015625
  }
}