{
  "trained": {
    "rmse": 0.5943443775177002,
    "rmse_se": 0.05876734077376667,
    "mae": 0.29904231429100037,
    "nmse": 0.42278701891831927,
    "r2": 0.577212993146117,
    "r2_se": 0.06934567492689209,
    "direction_accuracy": 0.8128342032432556,
    "direction_accuracy_se": 0.02016872421797261,
    "effect_rmse": 0.5943443775177002,
    "effect_mae": 0.29904231429100037,
    "mean_effect_magnitude": 0.45118409395217896,
    "n_queries": 640,
    "mean_positivity_score": 4.386297547398499e-08,
    "frac_ood": 0.0
  }
}