{
  "trained": {
    "rmse": 0.6120017170906067,
    "rmse_se": 0.05030158033502644,
    "mae": 0.30872470140457153,
    "nmse": 0.4536930388335432,
    "r2": 0.5463070011430697,
    "r2_se": 0.1032024254493374,
    "direction_accuracy": 0.7989130616188049,
    "direction_accuracy_se": 0.020893816798698804,
    "effect_rmse": 0.6120017170906067,
    "effect_mae": 0.30872470140457153,
    "mean_effect_magnitude": 0.4428248405456543,
    "n_queries": 640,
    "mean_positivity_score": 4.371527140278886e-08,
    "frac_ood": 0.0
  }
}