{
  "trained": {
    "rmse": 1.0944541692733765,
    "rmse_se": 0.09831505156997844,
    "mae": 0.6335395574569702,
    "nmse": 0.929937389196499,
    "r2": 0.07006264263549222,
    "r2_se": 0.053119771485816605,
    "direction_accuracy": 0.672897219657898,
    "direction_accuracy_se": 0.022677469954532223,
    "effect_rmse": 1.0944541692733765,
    "effect_mae": 0.6335395574569702,
    "mean_effect_magnitude": 0.6399564743041992,
    "n_queries": 640,
    "mean_positivity_score": 3.982646745726015e-08,
    "frac_ood": 0.0
  }
}