{
  "trained": {
    "rmse": 1.068496823310852,
    "rmse_se": 0.08694205989440906,
    "mae": 0.6347018480300903,
    "nmse": 0.9474549263659057,
    "r2": 0.05254505488800243,
    "r2_se": 0.05179503366809318,
    "direction_accuracy": 0.6856492161750793,
    "direction_accuracy_se": 0.022157767733219733,
    "effect_rmse": 1.068496823310852,
    "effect_mae": 0.6347018480300903,
    "mean_effect_magnitude": 0.6412094235420227,
    "n_queries": 640,
    "mean_positivity_score": 4.106043149931793e-08,
    "frac_ood": 0.0
  }
}