{
  "trained": {
    "rmse": 1.0893409252166748,
    "rmse_se": 0.10618726325679308,
    "mae": 0.6321283578872681,
    "nmse": 0.9524938381134939,
    "r2": 0.047506233889008986,
    "r2_se": 0.055015336186140344,
    "direction_accuracy": 0.6735159754753113,
    "direction_accuracy_se": 0.022406182195587272,
    "effect_rmse": 1.0893409252166748,
    "effect_mae": 0.6321283578872681,
    "mean_effect_magnitude": 0.6354545950889587,
    "n_queries": 640,
    "mean_positivity_score": 4.637176331812043e-08,
    "frac_ood": 0.0
  }
}