{
  "trained": {
    "rmse": 1.0608454942703247,
    "rmse_se": 0.08866222502542906,
    "mae": 0.6343501210212708,
    "nmse": 0.9651298166367226,
    "r2": 0.03487024327719124,
    "r2_se": 0.054206555987785246,
    "direction_accuracy": 0.6781609058380127,
    "direction_accuracy_se": 0.02239964550371066,
    "effect_rmse": 1.0608454942703247,
    "effect_mae": 0.6343501210212708,
    "mean_effect_magnitude": 0.6345628499984741,
    "n_queries": 640,
    "mean_positivity_score": 4.3814615935389156e-08,
    "frac_ood": 0.0
  }
}