{
  "trained": {
    "rmse": 0.7531355619430542,
    "rmse_se": 0.05788510384500034,
    "mae": 0.4389096200466156,
    "nmse": 0.5737638230011918,
    "r2": 0.42623618747555114,
    "r2_se": 0.0644192946369839,
    "direction_accuracy": 0.7696078419685364,
    "direction_accuracy_se": 0.020846757138905363,
    "effect_rmse": 0.7531355619430542,
    "effect_mae": 0.4389096200466156,
    "mean_effect_magnitude": 0.5139394998550415,
    "n_queries": 640,
    "mean_positivity_score": 4.095765149259023e-08,
    "frac_ood": 0.0
  }
}