{
  "trained": {
    "rmse": 0.708149254322052,
    "rmse_se": 0.05018067154898879,
    "mae": 0.42859727144241333,
    "nmse": 0.662277309658939,
    "r2": 0.33772271651106667,
    "r2_se": 0.09089685994131465,
    "direction_accuracy": 0.7772396802902222,
    "direction_accuracy_se": 0.02047488035616951,
    "effect_rmse": 0.708149254322052,
    "effect_mae": 0.42859727144241333,
    "mean_effect_magnitude": 0.4963606297969818,
    "n_queries": 640,
    "mean_positivity_score": 4.532566322268394e-08,
    "frac_ood": 0.0
  }
}