{
  "trained": {
    "rmse": 0.6867322325706482,
    "rmse_se": 0.049791978010800535,
    "mae": 0.40872353315353394,
    "nmse": 0.5717748361274259,
    "r2": 0.4282251659473083,
    "r2_se": 0.07872504221975994,
    "direction_accuracy": 0.7753086686134338,
    "direction_accuracy_se": 0.02073972373747803,
    "effect_rmse": 0.6867322325706482,
    "effect_mae": 0.40872353315353394,
    "mean_effect_magnitude": 0.49488911032676697,
    "n_queries": 640,
    "mean_positivity_score": 3.871614495665199e-08,
    "frac_ood": 0.0
  }
}