{
  "trained": {
    "rmse": 0.6977981925010681,
    "rmse_se": 0.043692627808418816,
    "mae": 0.42716917395591736,
    "nmse": 0.649476023523667,
    "r2": 0.350523982049875,
    "r2_se": 0.07967848792929587,
    "direction_accuracy": 0.7530562281608582,
    "direction_accuracy_se": 0.021323136497601702,
    "effect_rmse": 0.6977981925010681,
    "effect_mae": 0.42716917395591736,
    "mean_effect_magnitude": 0.4883797764778137,
    "n_queries": 640,
    "mean_positivity_score": 4.8942467856250005e-08,
    "frac_ood": 0.0
  }
}