{
  "trained": {
    "rmse": 0.5728186368942261,
    "rmse_se": 0.05824716424641981,
    "mae": 0.27225810289382935,
    "nmse": 0.277619005113169,
    "r2": 0.7223809706192579,
    "r2_se": 0.05557863859107086,
    "direction_accuracy": 0.8380783200263977,
    "direction_accuracy_se": 0.015539128062402041,
    "effect_rmse": 0.5728186368942261,
    "effect_mae": 0.27225810289382935,
    "mean_effect_magnitude": 0.496474951505661,
    "n_queries": 960,
    "mean_positivity_score": 4.90861893354122e-08,
    "frac_ood": 0.0010416666666666667
  }
}