{
  "trained": {
    "rmse": 0.588493287563324,
    "rmse_se": 0.03979050194182958,
    "mae": 0.3133745491504669,
    "nmse": 0.38603187536549516,
    "r2": 0.6139681232340185,
    "r2_se": 0.05813716268309178,
    "direction_accuracy": 0.8344947695732117,
    "direction_accuracy_se": 0.015511783153447862,
    "effect_rmse": 0.588493287563324,
    "effect_mae": 0.3133745491504669,
    "mean_effect_magnitude": 0.46709898114204407,
    "n_queries": 960,
    "mean_positivity_score": 5.001691150141596e-08,
    "frac_ood": 0.0010416666666666667
  }
}