{
  "trained": {
    "rmse": 0.6804643273353577,
    "rmse_se": 0.04858117913789235,
    "mae": 0.3736777603626251,
    "nmse": 0.7108715525390351,
    "r2": 0.28912846223493827,
    "r2_se": 0.05494399253120603,
    "direction_accuracy": 0.7689655423164368,
    "direction_accuracy_se": 0.01750160273677543,
    "effect_rmse": 0.6804643273353577,
    "effect_mae": 0.3736777603626251,
    "mean_effect_magnitude": 0.4225499927997589,
    "n_queries": 960,
    "mean_positivity_score": 4.1114141424714035e-08,
    "frac_ood": 0.0
  }
}