{
  "trained": {
    "rmse": 0.6841455101966858,
    "rmse_se": 0.04510376173208116,
    "mae": 0.393493115901947,
    "nmse": 0.7189624483609686,
    "r2": 0.28103759189224164,
    "r2_se": 0.06025848188578942,
    "direction_accuracy": 0.7913793325424194,
    "direction_accuracy_se": 0.016871629143130628,
    "effect_rmse": 0.6841455101966858,
    "effect_mae": 0.393493115901947,
    "mean_effect_magnitude": 0.4223940074443817,
    "n_queries": 960,
    "mean_positivity_score": 4.1114141424714035e-08,
    "frac_ood": 0.0
  }
}