{
  "suite": "dot-Identifiability-v1",
  "n_episodes": 10800,
  "var_y_true": 0.5081519484519958,
  "nmse": {
    "Zero": 1.0266244411468506,
    "Mean": 0.7506911158561707,
    "AR1": 1.0882169008255005,
    "VAR-OLS": 0.8545097708702087,
    "BackDoorOLS": 1.1849952936172485,
    "IV2SLS": 1.5183230638504028
  }
}