{
  "trained": {
    "rmse": 0.5370687246322632,
    "rmse_se": 0.04770098843604339,
    "mae": 0.2666096091270447,
    "nmse": 0.28011997665622,
    "r2": 0.7198799923091941,
    "r2_se": 0.05227533459855218,
    "direction_accuracy": 0.8273972868919373,
    "direction_accuracy_se": 0.019780370547646163,
    "effect_rmse": 0.5370687246322632,
    "effect_mae": 0.2666096091270447,
    "mean_effect_magnitude": 0.4735713601112366,
    "n_queries": 640,
    "mean_positivity_score": 4.153313781785073e-08,
    "frac_ood": 0.0
  }
}