{
  "trained": {
    "rmse": 0.5020319819450378,
    "rmse_se": 0.034839267712330424,
    "mae": 0.26956045627593994,
    "nmse": 0.2730020231434805,
    "r2": 0.7269979897691023,
    "r2_se": 0.052466977786429565,
    "direction_accuracy": 0.8228882551193237,
    "direction_accuracy_se": 0.01992787914069928,
    "effect_rmse": 0.5020319819450378,
    "effect_mae": 0.26956045627593994,
    "mean_effect_magnitude": 0.46860432624816895,
    "n_queries": 640,
    "mean_positivity_score": 4.60124667256423e-08,
    "frac_ood": 0.0
  }
}