{
  "trained": {
    "rmse": 0.5065596103668213,
    "rmse_se": 0.041051346435854515,
    "mae": 0.260210782289505,
    "nmse": 0.252600387020156,
    "r2": 0.7473996188473417,
    "r2_se": 0.055120053628630455,
    "direction_accuracy": 0.8455497622489929,
    "direction_accuracy_se": 0.018489799211846774,
    "effect_rmse": 0.5065596103668213,
    "effect_mae": 0.260210782289505,
    "mean_effect_magnitude": 0.4799056053161621,
    "n_queries": 640,
    "mean_positivity_score": 4.7401194080975984e-08,
    "frac_ood": 0.0
  }
}