{
  "trained": {
    "rmse": 0.5554834008216858,
    "rmse_se": 0.055938180443571614,
    "mae": 0.27665311098098755,
    "nmse": 0.2819641994038499,
    "r2": 0.7180358067392257,
    "r2_se": 0.06235732253163263,
    "direction_accuracy": 0.8523676991462708,
    "direction_accuracy_se": 0.01872220350743239,
    "effect_rmse": 0.5554834008216858,
    "effect_mae": 0.27665311098098755,
    "mean_effect_magnitude": 0.50202476978302,
    "n_queries": 640,
    "mean_positivity_score": 4.252122920433976e-08,
    "frac_ood": 0.0
  }
}